Project Address,Project Details,Description,Image URL
3312 Salmon st.,Property Rehab | Custom Kitchen |,"This Home Rehab was customized with addition, facade changes, and full interior renovation",https://static.wixstatic.com/media/dc69ab_af97b51b2a6f4624954588d75d2eba35~mv2.png
3312 Salmon st.,Property Rehab | Custom Kitchen |,"This Home Rehab was customized with addition, facade changes, and full interior renovation",https://static.wixstatic.com/media/dc69ab_d46a13a2c38340cf93628a4c39b08a69~mv2.png
3312 Salmon st.,Property Rehab | Custom Kitchen |,"This Home Rehab was customized with addition, facade changes, and full interior renovation",https://static.wixstatic.com/media/dc69ab_907fb3c4248541a99c2bc2c361e36b80~mv2.png
3312 Salmon st.,Property Rehab | Custom Kitchen |,"This Home Rehab was customized with addition, facade changes, and full interior renovation",https://static.wixstatic.com/media/dc69ab_4c016fdb7ea644a499d516d837321d12~mv2.png
3312 Salmon st.,Property Rehab | Custom Kitchen |,"This Home Rehab was customized with addition, facade changes, and full interior renovation",https://static.wixstatic.com/media/dc69ab_6d1891e1a0dc4547b2ac4c95b7e5cf02~mv2.png
3312 Salmon st.,Property Rehab | Custom Kitchen |,"This Home Rehab was customized with addition, facade changes, and full interior renovation",https://static.wixstatic.com/media/dc69ab_01701671954043e78be252c593ff8f50~mv2.png
3312 Salmon st.,Property Rehab | Custom Kitchen |,"This Home Rehab was customized with addition, facade changes, and full interior renovation",https://static.wixstatic.com/media/dc69ab_11cf1ebb21434975b543b4d90ba86878~mv2.png
3312 Salmon st.,Property Rehab | Custom Kitchen |,"This Home Rehab was customized with addition, facade changes, and full interior renovation",https://static.wixstatic.com/media/dc69ab_1eb4126f801b48fd91c0fda6390775ce~mv2.png
3312 Salmon st.,Property Rehab | Custom Kitchen |,"This Home Rehab was customized with addition, facade changes, and full interior renovation",https://static.wixstatic.com/media/dc69ab_a94033ed909545e0b7004a6bbd2b7336~mv2.png
3312 Salmon st.,Property Rehab | Custom Kitchen |,"This Home Rehab was customized with addition, facade changes, and full interior renovation",https://static.wixstatic.com/media/dc69ab_df8e128588c640d1a7a13feacc9f7233~mv2.png
3312 Salmon st.,Property Rehab | Custom Kitchen |,"This Home Rehab was customized with addition, facade changes, and full interior renovation",https://static.wixstatic.com/media/dc69ab_6b5b0190f10f4a4b851874fd67a4af82~mv2.png
3312 Salmon st.,Property Rehab | Custom Kitchen |,"This Home Rehab was customized with addition, facade changes, and full interior renovation",https://static.wixstatic.com/media/dc69ab_d6ccfb229e4d4f118b956284f63cd797~mv2.png
3312 Salmon st.,Property Rehab | Custom Kitchen |,"This Home Rehab was customized with addition, facade changes, and full interior renovation",https://static.wixstatic.com/media/dc69ab_6087660590c046faaa56e382fcab0984~mv2.png
3312 Salmon st.,Property Rehab | Custom Kitchen |,"This Home Rehab was customized with addition, facade changes, and full interior renovation",https://static.wixstatic.com/media/dc69ab_7cbe6777bc24482e934b51a8be4f1e83~mv2.png
1745 Waterloo St,Full Build | Custom Bathrooms | Custom Kitchen | Custom Stairs |,"A Unique Gem of a building in the heart of Philadelphia. This Fully Custom property was designed, and built completely by B2B2 Builders. Dryvit Stucco and custom sized windows, with real wood custom door and entry facade. Fully customized interior including amenities such as built-in Speakers, washer and Dryer, and much more.",https://static.wixstatic.com/media/dc69ab_546b1126b7a94ce3a45bc9d0751c0b4e~mv2.jpg
1745 Waterloo St,Full Build | Custom Bathrooms | Custom Kitchen | Custom Stairs |,"A Unique Gem of a building in the heart of Philadelphia. This Fully Custom property was designed, and built completely by B2B2 Builders. Dryvit Stucco and custom sized windows, with real wood custom door and entry facade. Fully customized interior including amenities such as built-in Speakers, washer and Dryer, and much more.",https://static.wixstatic.com/media/dc69ab_89c1231252b34c758e6df3a8f4ec6018~mv2.jpg
1745 Waterloo St,Full Build | Custom Bathrooms | Custom Kitchen | Custom Stairs |,"A Unique Gem of a building in the heart of Philadelphia. This Fully Custom property was designed, and built completely by B2B2 Builders. Dryvit Stucco and custom sized windows, with real wood custom door and entry facade. Fully customized interior including amenities such as built-in Speakers, washer and Dryer, and much more.",https://static.wixstatic.com/media/dc69ab_268c8a5fd7ef4754a610981476e44d41~mv2.jpg
1745 Waterloo St,Full Build | Custom Bathrooms | Custom Kitchen | Custom Stairs |,"A Unique Gem of a building in the heart of Philadelphia. This Fully Custom property was designed, and built completely by B2B2 Builders. Dryvit Stucco and custom sized windows, with real wood custom door and entry facade. Fully customized interior including amenities such as built-in Speakers, washer and Dryer, and much more.",https://static.wixstatic.com/media/dc69ab_4ac77f148c2a4344abf78be61ca55e3c~mv2.jpg
1745 Waterloo St,Full Build | Custom Bathrooms | Custom Kitchen | Custom Stairs |,"A Unique Gem of a building in the heart of Philadelphia. This Fully Custom property was designed, and built completely by B2B2 Builders. Dryvit Stucco and custom sized windows, with real wood custom door and entry facade. Fully customized interior including amenities such as built-in Speakers, washer and Dryer, and much more.",https://static.wixstatic.com/media/dc69ab_3da80b8cd35847b29f72723687ddcefc~mv2.jpg
1745 Waterloo St,Full Build | Custom Bathrooms | Custom Kitchen | Custom Stairs |,"A Unique Gem of a building in the heart of Philadelphia. This Fully Custom property was designed, and built completely by B2B2 Builders. Dryvit Stucco and custom sized windows, with real wood custom door and entry facade. Fully customized interior including amenities such as built-in Speakers, washer and Dryer, and much more.",https://static.wixstatic.com/media/dc69ab_717fd78dc4a848d9b25c41d48cdb9158~mv2.jpg
1745 Waterloo St,Full Build | Custom Bathrooms | Custom Kitchen | Custom Stairs |,"A Unique Gem of a building in the heart of Philadelphia. This Fully Custom property was designed, and built completely by B2B2 Builders. Dryvit Stucco and custom sized windows, with real wood custom door and entry facade. Fully customized interior including amenities such as built-in Speakers, washer and Dryer, and much more.",https://static.wixstatic.com/media/dc69ab_f2736598c0454d51888581dbd3c2b51e~mv2.jpg
1745 Waterloo St,Full Build | Custom Bathrooms | Custom Kitchen | Custom Stairs |,"A Unique Gem of a building in the heart of Philadelphia. This Fully Custom property was designed, and built completely by B2B2 Builders. Dryvit Stucco and custom sized windows, with real wood custom door and entry facade. Fully customized interior including amenities such as built-in Speakers, washer and Dryer, and much more.",https://static.wixstatic.com/media/dc69ab_1c9dfe9214cb4cc69fead3b064d9648d~mv2.jpg
1745 Waterloo St,Full Build | Custom Bathrooms | Custom Kitchen | Custom Stairs |,"A Unique Gem of a building in the heart of Philadelphia. This Fully Custom property was designed, and built completely by B2B2 Builders. Dryvit Stucco and custom sized windows, with real wood custom door and entry facade. Fully customized interior including amenities such as built-in Speakers, washer and Dryer, and much more.",https://static.wixstatic.com/media/dc69ab_a5c9358c6ced4c5685550b30b03d2676~mv2.jpg
1745 Waterloo St,Full Build | Custom Bathrooms | Custom Kitchen | Custom Stairs |,"A Unique Gem of a building in the heart of Philadelphia. This Fully Custom property was designed, and built completely by B2B2 Builders. Dryvit Stucco and custom sized windows, with real wood custom door and entry facade. Fully customized interior including amenities such as built-in Speakers, washer and Dryer, and much more.",https://static.wixstatic.com/media/dc69ab_60d45cbe52af4f6daf4f355a83c7e615~mv2.jpg
1745 Waterloo St,Full Build | Custom Bathrooms | Custom Kitchen | Custom Stairs |,"A Unique Gem of a building in the heart of Philadelphia. This Fully Custom property was designed, and built completely by B2B2 Builders. Dryvit Stucco and custom sized windows, with real wood custom door and entry facade. Fully customized interior including amenities such as built-in Speakers, washer and Dryer, and much more.",https://static.wixstatic.com/media/dc69ab_ce9aed801d1342f4b2dd9d97dd7d9e5d~mv2.jpg
1745 Waterloo St,Full Build | Custom Bathrooms | Custom Kitchen | Custom Stairs |,"A Unique Gem of a building in the heart of Philadelphia. This Fully Custom property was designed, and built completely by B2B2 Builders. Dryvit Stucco and custom sized windows, with real wood custom door and entry facade. Fully customized interior including amenities such as built-in Speakers, washer and Dryer, and much more.",https://static.wixstatic.com/media/dc69ab_d99236de537945e88cdb3b9cb93f13a8~mv2.jpg
1745 Waterloo St,Full Build | Custom Bathrooms | Custom Kitchen | Custom Stairs |,"A Unique Gem of a building in the heart of Philadelphia. This Fully Custom property was designed, and built completely by B2B2 Builders. Dryvit Stucco and custom sized windows, with real wood custom door and entry facade. Fully customized interior including amenities such as built-in Speakers, washer and Dryer, and much more.",https://static.wixstatic.com/media/dc69ab_2c4a33ffbd854226987f90a4d777fb92~mv2.jpg
1745 Waterloo St,Full Build | Custom Bathrooms | Custom Kitchen | Custom Stairs |,"A Unique Gem of a building in the heart of Philadelphia. This Fully Custom property was designed, and built completely by B2B2 Builders. Dryvit Stucco and custom sized windows, with real wood custom door and entry facade. Fully customized interior including amenities such as built-in Speakers, washer and Dryer, and much more.",https://static.wixstatic.com/media/dc69ab_f1c2eb4b185f4287a93bfa32dff6566e~mv2.jpg
1745 Waterloo St,Full Build | Custom Bathrooms | Custom Kitchen | Custom Stairs |,"A Unique Gem of a building in the heart of Philadelphia. This Fully Custom property was designed, and built completely by B2B2 Builders. Dryvit Stucco and custom sized windows, with real wood custom door and entry facade. Fully customized interior including amenities such as built-in Speakers, washer and Dryer, and much more.",https://static.wixstatic.com/media/dc69ab_2e55fda19da740aab4d253aab3111626~mv2.jpg
1745 Waterloo St,Full Build | Custom Bathrooms | Custom Kitchen | Custom Stairs |,"A Unique Gem of a building in the heart of Philadelphia. This Fully Custom property was designed, and built completely by B2B2 Builders. Dryvit Stucco and custom sized windows, with real wood custom door and entry facade. Fully customized interior including amenities such as built-in Speakers, washer and Dryer, and much more.",https://static.wixstatic.com/media/dc69ab_70a80006ff964976abdb627b5ea986fd~mv2.jpg
1745 Waterloo St,Full Build | Custom Bathrooms | Custom Kitchen | Custom Stairs |,"A Unique Gem of a building in the heart of Philadelphia. This Fully Custom property was designed, and built completely by B2B2 Builders. Dryvit Stucco and custom sized windows, with real wood custom door and entry facade. Fully customized interior including amenities such as built-in Speakers, washer and Dryer, and much more.",https://static.wixstatic.com/media/dc69ab_2b99534e3b5a41c18b3ae5916fb3fa4b~mv2.jpg
1745 Waterloo St,Full Build | Custom Bathrooms | Custom Kitchen | Custom Stairs |,"A Unique Gem of a building in the heart of Philadelphia. This Fully Custom property was designed, and built completely by B2B2 Builders. Dryvit Stucco and custom sized windows, with real wood custom door and entry facade. Fully customized interior including amenities such as built-in Speakers, washer and Dryer, and much more.",https://static.wixstatic.com/media/dc69ab_6c4b83c46d5b417fa19cf240995e4f46~mv2.jpg
1745 Waterloo St,Full Build | Custom Bathrooms | Custom Kitchen | Custom Stairs |,"A Unique Gem of a building in the heart of Philadelphia. This Fully Custom property was designed, and built completely by B2B2 Builders. Dryvit Stucco and custom sized windows, with real wood custom door and entry facade. Fully customized interior including amenities such as built-in Speakers, washer and Dryer, and much more.",https://static.wixstatic.com/media/dc69ab_ac420b28db904e1485241f862f9ed7b0~mv2.jpg
1745 Waterloo St,Full Build | Custom Bathrooms | Custom Kitchen | Custom Stairs |,"A Unique Gem of a building in the heart of Philadelphia. This Fully Custom property was designed, and built completely by B2B2 Builders. Dryvit Stucco and custom sized windows, with real wood custom door and entry facade. Fully customized interior including amenities such as built-in Speakers, washer and Dryer, and much more.",https://static.wixstatic.com/media/dc69ab_3fd2355bc3014bf5bc495b612e223e56~mv2.jpg
1745 Waterloo St,Full Build | Custom Bathrooms | Custom Kitchen | Custom Stairs |,"A Unique Gem of a building in the heart of Philadelphia. This Fully Custom property was designed, and built completely by B2B2 Builders. Dryvit Stucco and custom sized windows, with real wood custom door and entry facade. Fully customized interior including amenities such as built-in Speakers, washer and Dryer, and much more.",https://static.wixstatic.com/media/dc69ab_c480fcb19c61463bb639f4a1b032eb3c~mv2.png
1745 Waterloo St,Full Build | Custom Bathrooms | Custom Kitchen | Custom Stairs |,"A Unique Gem of a building in the heart of Philadelphia. This Fully Custom property was designed, and built completely by B2B2 Builders. Dryvit Stucco and custom sized windows, with real wood custom door and entry facade. Fully customized interior including amenities such as built-in Speakers, washer and Dryer, and much more.",https://static.wixstatic.com/media/dc69ab_663718f7767c4e73ae27f727f621a53a~mv2.png
1745 Waterloo St,Full Build | Custom Bathrooms | Custom Kitchen | Custom Stairs |,"A Unique Gem of a building in the heart of Philadelphia. This Fully Custom property was designed, and built completely by B2B2 Builders. Dryvit Stucco and custom sized windows, with real wood custom door and entry facade. Fully customized interior including amenities such as built-in Speakers, washer and Dryer, and much more.",https://static.wixstatic.com/media/dc69ab_4c941bc393f540f69378e3a650ad9b98~mv2.png
1745 Waterloo St,Full Build | Custom Bathrooms | Custom Kitchen | Custom Stairs |,"A Unique Gem of a building in the heart of Philadelphia. This Fully Custom property was designed, and built completely by B2B2 Builders. Dryvit Stucco and custom sized windows, with real wood custom door and entry facade. Fully customized interior including amenities such as built-in Speakers, washer and Dryer, and much more.",https://static.wixstatic.com/media/dc69ab_ca2fca27df2140b8aba6d70ccd45b2e9~mv2.jpg
1745 Waterloo St,Full Build | Custom Bathrooms | Custom Kitchen | Custom Stairs |,"A Unique Gem of a building in the heart of Philadelphia. This Fully Custom property was designed, and built completely by B2B2 Builders. Dryvit Stucco and custom sized windows, with real wood custom door and entry facade. Fully customized interior including amenities such as built-in Speakers, washer and Dryer, and much more.",https://static.wixstatic.com/media/dc69ab_209e74343afe4c188d4acb5640bffa2e~mv2.jpg
1745 Waterloo St,Full Build | Custom Bathrooms | Custom Kitchen | Custom Stairs |,"A Unique Gem of a building in the heart of Philadelphia. This Fully Custom property was designed, and built completely by B2B2 Builders. Dryvit Stucco and custom sized windows, with real wood custom door and entry facade. Fully customized interior including amenities such as built-in Speakers, washer and Dryer, and much more.",https://static.wixstatic.com/media/dc69ab_689131f1aaab476dbcacb8958ee34853~mv2.jpg
2172 Firth St,Property Rehab | Custom Bathrooms | Custom Kitchen | Custom Stairs |,"Property Rehab fully Designed and built by B2B2 Builders in the Fishtown/ New Kensington area of Philadelphia. Unique and stand out Exterior, with a very beautiful and unique interior.",https://static.wixstatic.com/media/dc69ab_783e73794a7448b1adedcc422906629d~mv2.jpg
2172 Firth St,Property Rehab | Custom Bathrooms | Custom Kitchen | Custom Stairs |,"Property Rehab fully Designed and built by B2B2 Builders in the Fishtown/ New Kensington area of Philadelphia. Unique and stand out Exterior, with a very beautiful and unique interior.",https://static.wixstatic.com/media/dc69ab_82514fb7b6834ec19794f4c1b4a1d14a~mv2.jpg
2172 Firth St,Property Rehab | Custom Bathrooms | Custom Kitchen | Custom Stairs |,"Property Rehab fully Designed and built by B2B2 Builders in the Fishtown/ New Kensington area of Philadelphia. Unique and stand out Exterior, with a very beautiful and unique interior.",https://static.wixstatic.com/media/dc69ab_d7c7d114ef894e8db7a70068f9338245~mv2.jpg
2172 Firth St,Property Rehab | Custom Bathrooms | Custom Kitchen | Custom Stairs |,"Property Rehab fully Designed and built by B2B2 Builders in the Fishtown/ New Kensington area of Philadelphia. Unique and stand out Exterior, with a very beautiful and unique interior.",https://static.wixstatic.com/media/dc69ab_60fb0b953c294e8b8b17346db2606b98~mv2.jpg
2172 Firth St,Property Rehab | Custom Bathrooms | Custom Kitchen | Custom Stairs |,"Property Rehab fully Designed and built by B2B2 Builders in the Fishtown/ New Kensington area of Philadelphia. Unique and stand out Exterior, with a very beautiful and unique interior.",https://static.wixstatic.com/media/dc69ab_1f6fea2029114ed89291fe0aa1b703c4~mv2.jpg
2172 Firth St,Property Rehab | Custom Bathrooms | Custom Kitchen | Custom Stairs |,"Property Rehab fully Designed and built by B2B2 Builders in the Fishtown/ New Kensington area of Philadelphia. Unique and stand out Exterior, with a very beautiful and unique interior.",https://static.wixstatic.com/media/dc69ab_90227c6029b54101a093f81b05c8fee8~mv2.jpg
2172 Firth St,Property Rehab | Custom Bathrooms | Custom Kitchen | Custom Stairs |,"Property Rehab fully Designed and built by B2B2 Builders in the Fishtown/ New Kensington area of Philadelphia. Unique and stand out Exterior, with a very beautiful and unique interior.",https://static.wixstatic.com/media/dc69ab_8cbad5dd09ad409d81da43fc9a0fdfb9~mv2.jpg
2172 Firth St,Property Rehab | Custom Bathrooms | Custom Kitchen | Custom Stairs |,"Property Rehab fully Designed and built by B2B2 Builders in the Fishtown/ New Kensington area of Philadelphia. Unique and stand out Exterior, with a very beautiful and unique interior.",https://static.wixstatic.com/media/dc69ab_bcd4e5eaf94d496a97fc5d6df4ffb0d9~mv2.webp
2172 Firth St,Property Rehab | Custom Bathrooms | Custom Kitchen | Custom Stairs |,"Property Rehab fully Designed and built by B2B2 Builders in the Fishtown/ New Kensington area of Philadelphia. Unique and stand out Exterior, with a very beautiful and unique interior.",https://static.wixstatic.com/media/dc69ab_d5317729264444cf942d9f416ba25970~mv2.jpg
2172 Firth St,Property Rehab | Custom Bathrooms | Custom Kitchen | Custom Stairs |,"Property Rehab fully Designed and built by B2B2 Builders in the Fishtown/ New Kensington area of Philadelphia. Unique and stand out Exterior, with a very beautiful and unique interior.",https://static.wixstatic.com/media/dc69ab_a5668c4739114920b068b25eb52170db~mv2.jpg
2172 Firth St,Property Rehab | Custom Bathrooms | Custom Kitchen | Custom Stairs |,"Property Rehab fully Designed and built by B2B2 Builders in the Fishtown/ New Kensington area of Philadelphia. Unique and stand out Exterior, with a very beautiful and unique interior.",https://static.wixstatic.com/media/dc69ab_b15929ca459d491a98da67cbabf28491~mv2.jpg
2172 Firth St,Property Rehab | Custom Bathrooms | Custom Kitchen | Custom Stairs |,"Property Rehab fully Designed and built by B2B2 Builders in the Fishtown/ New Kensington area of Philadelphia. Unique and stand out Exterior, with a very beautiful and unique interior.",https://static.wixstatic.com/media/dc69ab_da6f00a1830d4833bc4dc04c129184ac~mv2.webp
2172 Firth St,Property Rehab | Custom Bathrooms | Custom Kitchen | Custom Stairs |,"Property Rehab fully Designed and built by B2B2 Builders in the Fishtown/ New Kensington area of Philadelphia. Unique and stand out Exterior, with a very beautiful and unique interior.",https://static.wixstatic.com/media/dc69ab_8acbed2e08d44ada9f5cbb456b37f989~mv2.jpg
2172 Firth St,Property Rehab | Custom Bathrooms | Custom Kitchen | Custom Stairs |,"Property Rehab fully Designed and built by B2B2 Builders in the Fishtown/ New Kensington area of Philadelphia. Unique and stand out Exterior, with a very beautiful and unique interior.",https://static.wixstatic.com/media/dc69ab_fc3604b02a7e4baf9e7e5c31bc9f7390~mv2.jpg
2172 Firth St,Property Rehab | Custom Bathrooms | Custom Kitchen | Custom Stairs |,"Property Rehab fully Designed and built by B2B2 Builders in the Fishtown/ New Kensington area of Philadelphia. Unique and stand out Exterior, with a very beautiful and unique interior.",https://static.wixstatic.com/media/dc69ab_ca412e54fc314edca6a694917923e69a~mv2.jpg
2172 Firth St,Property Rehab | Custom Bathrooms | Custom Kitchen | Custom Stairs |,"Property Rehab fully Designed and built by B2B2 Builders in the Fishtown/ New Kensington area of Philadelphia. Unique and stand out Exterior, with a very beautiful and unique interior.",https://static.wixstatic.com/media/dc69ab_17881e96a9c24dfca8bb4fdd00fce440~mv2.jpg
2172 Firth St,Property Rehab | Custom Bathrooms | Custom Kitchen | Custom Stairs |,"Property Rehab fully Designed and built by B2B2 Builders in the Fishtown/ New Kensington area of Philadelphia. Unique and stand out Exterior, with a very beautiful and unique interior.",https://static.wixstatic.com/media/dc69ab_f17ee8dd729743e0a250b76917ae4053~mv2.webp
2172 Firth St,Property Rehab | Custom Bathrooms | Custom Kitchen | Custom Stairs |,"Property Rehab fully Designed and built by B2B2 Builders in the Fishtown/ New Kensington area of Philadelphia. Unique and stand out Exterior, with a very beautiful and unique interior.",https://static.wixstatic.com/media/dc69ab_a711604113b64991b4ddc4a5cc0131ca~mv2.webp
2172 Firth St,Property Rehab | Custom Bathrooms | Custom Kitchen | Custom Stairs |,"Property Rehab fully Designed and built by B2B2 Builders in the Fishtown/ New Kensington area of Philadelphia. Unique and stand out Exterior, with a very beautiful and unique interior.",https://static.wixstatic.com/media/dc69ab_c5985b5368004a2480dda375e54a0987~mv2.webp
2172 Firth St,Property Rehab | Custom Bathrooms | Custom Kitchen | Custom Stairs |,"Property Rehab fully Designed and built by B2B2 Builders in the Fishtown/ New Kensington area of Philadelphia. Unique and stand out Exterior, with a very beautiful and unique interior.",https://static.wixstatic.com/media/dc69ab_6f506834b8b542b695fcf527ed88602f~mv2.webp
2172 Firth St,Property Rehab | Custom Bathrooms | Custom Kitchen | Custom Stairs |,"Property Rehab fully Designed and built by B2B2 Builders in the Fishtown/ New Kensington area of Philadelphia. Unique and stand out Exterior, with a very beautiful and unique interior.",https://static.wixstatic.com/media/dc69ab_a52eb5d99b78488bb53d2a5277845aab~mv2.webp
1855 E Huntingdon,Full Build | Custom Bathrooms | Custom Kitchen | Custom Stairs |,"A ground-up construction for a client, fully customized to their wants and needs. A true Gem and stand out property in the New Kensington area of Philadelphia",https://static.wixstatic.com/media/dc69ab_f0f2c5b4b264485cb8651cadbb1cd684~mv2.jpg
1855 E Huntingdon,Full Build | Custom Bathrooms | Custom Kitchen | Custom Stairs |,"A ground-up construction for a client, fully customized to their wants and needs. A true Gem and stand out property in the New Kensington area of Philadelphia",https://static.wixstatic.com/media/dc69ab_635a04e5a5f14eb8bac5c24e3844729b~mv2.png
1855 E Huntingdon,Full Build | Custom Bathrooms | Custom Kitchen | Custom Stairs |,"A ground-up construction for a client, fully customized to their wants and needs. A true Gem and stand out property in the New Kensington area of Philadelphia",https://static.wixstatic.com/media/dc69ab_dfb2ab77dbe24f198039a1bb3dc2a099~mv2.jpg
1855 E Huntingdon,Full Build | Custom Bathrooms | Custom Kitchen | Custom Stairs |,"A ground-up construction for a client, fully customized to their wants and needs. A true Gem and stand out property in the New Kensington area of Philadelphia",https://static.wixstatic.com/media/dc69ab_80934035ea134bf9869f5e990e469498~mv2.jpg
1855 E Huntingdon,Full Build | Custom Bathrooms | Custom Kitchen | Custom Stairs |,"A ground-up construction for a client, fully customized to their wants and needs. A true Gem and stand out property in the New Kensington area of Philadelphia",https://static.wixstatic.com/media/dc69ab_f6435494717f4cebbace1670dc926941~mv2.jpg
1855 E Huntingdon,Full Build | Custom Bathrooms | Custom Kitchen | Custom Stairs |,"A ground-up construction for a client, fully customized to their wants and needs. A true Gem and stand out property in the New Kensington area of Philadelphia",https://static.wixstatic.com/media/dc69ab_1875d5efdb47455ca6782d9962702fac~mv2.jpg
1855 E Huntingdon,Full Build | Custom Bathrooms | Custom Kitchen | Custom Stairs |,"A ground-up construction for a client, fully customized to their wants and needs. A true Gem and stand out property in the New Kensington area of Philadelphia",https://static.wixstatic.com/media/dc69ab_1002c95c22bc4664b455e2ae4b82b2c8~mv2.jpg
1855 E Huntingdon,Full Build | Custom Bathrooms | Custom Kitchen | Custom Stairs |,"A ground-up construction for a client, fully customized to their wants and needs. A true Gem and stand out property in the New Kensington area of Philadelphia",https://static.wixstatic.com/media/dc69ab_f9d0590d83d648c881e341d573d75fbf~mv2.jpg
1855 E Huntingdon,Full Build | Custom Bathrooms | Custom Kitchen | Custom Stairs |,"A ground-up construction for a client, fully customized to their wants and needs. A true Gem and stand out property in the New Kensington area of Philadelphia",https://static.wixstatic.com/media/dc69ab_99189bfbe24c4ebfa6347994214d5eab~mv2.jpg
1855 E Huntingdon,Full Build | Custom Bathrooms | Custom Kitchen | Custom Stairs |,"A ground-up construction for a client, fully customized to their wants and needs. A true Gem and stand out property in the New Kensington area of Philadelphia",https://static.wixstatic.com/media/dc69ab_3fe0f99cfe9a4f28a1a61e699e0abd91~mv2.jpg
1855 E Huntingdon,Full Build | Custom Bathrooms | Custom Kitchen | Custom Stairs |,"A ground-up construction for a client, fully customized to their wants and needs. A true Gem and stand out property in the New Kensington area of Philadelphia",https://static.wixstatic.com/media/dc69ab_feb92d25afb249f09fc7d46aca2861e7~mv2.jpg
1855 E Huntingdon,Full Build | Custom Bathrooms | Custom Kitchen | Custom Stairs |,"A ground-up construction for a client, fully customized to their wants and needs. A true Gem and stand out property in the New Kensington area of Philadelphia",https://static.wixstatic.com/media/dc69ab_e150fd19dfa441c69bbf9ec6e180e7f2~mv2.jpg
1855 E Huntingdon,Full Build | Custom Bathrooms | Custom Kitchen | Custom Stairs |,"A ground-up construction for a client, fully customized to their wants and needs. A true Gem and stand out property in the New Kensington area of Philadelphia",https://static.wixstatic.com/media/dc69ab_210dc6efbb774323b064319cba0d56bd~mv2.jpg
1855 E Huntingdon,Full Build | Custom Bathrooms | Custom Kitchen | Custom Stairs |,"A ground-up construction for a client, fully customized to their wants and needs. A true Gem and stand out property in the New Kensington area of Philadelphia",https://static.wixstatic.com/media/dc69ab_a6a8b5019402464c94e8c869aa263236~mv2.jpg
1855 E Huntingdon,Full Build | Custom Bathrooms | Custom Kitchen | Custom Stairs |,"A ground-up construction for a client, fully customized to their wants and needs. A true Gem and stand out property in the New Kensington area of Philadelphia",https://static.wixstatic.com/media/dc69ab_86f08c1d2ce548cf87730c31129d0393~mv2.jpg
1855 E Huntingdon,Full Build | Custom Bathrooms | Custom Kitchen | Custom Stairs |,"A ground-up construction for a client, fully customized to their wants and needs. A true Gem and stand out property in the New Kensington area of Philadelphia",https://static.wixstatic.com/media/dc69ab_f58fbe62616f4ca2836ef3175bd5c776~mv2.jpg
1855 E Huntingdon,Full Build | Custom Bathrooms | Custom Kitchen | Custom Stairs |,"A ground-up construction for a client, fully customized to their wants and needs. A true Gem and stand out property in the New Kensington area of Philadelphia",https://static.wixstatic.com/media/dc69ab_53117eb2cf97403991442b826bd855aa~mv2.jpg
1855 E Huntingdon,Full Build | Custom Bathrooms | Custom Kitchen | Custom Stairs |,"A ground-up construction for a client, fully customized to their wants and needs. A true Gem and stand out property in the New Kensington area of Philadelphia",https://static.wixstatic.com/media/dc69ab_04a252f4f2e74c8d91212e41b368476b~mv2.jpg
1855 E Huntingdon,Full Build | Custom Bathrooms | Custom Kitchen | Custom Stairs |,"A ground-up construction for a client, fully customized to their wants and needs. A true Gem and stand out property in the New Kensington area of Philadelphia",https://static.wixstatic.com/media/dc69ab_bc823138f3f34185b6dbe3f9e58bdd1d~mv2.jpg
1855 E Huntingdon,Full Build | Custom Bathrooms | Custom Kitchen | Custom Stairs |,"A ground-up construction for a client, fully customized to their wants and needs. A true Gem and stand out property in the New Kensington area of Philadelphia",https://static.wixstatic.com/media/dc69ab_4a07846e963540c69a9e65fe08124ca6~mv2.jpg
1855 E Huntingdon,Full Build | Custom Bathrooms | Custom Kitchen | Custom Stairs |,"A ground-up construction for a client, fully customized to their wants and needs. A true Gem and stand out property in the New Kensington area of Philadelphia",https://static.wixstatic.com/media/dc69ab_0553c3bd033e4096a944efa6fba111ee~mv2.jpg
1855 E Huntingdon,Full Build | Custom Bathrooms | Custom Kitchen | Custom Stairs |,"A ground-up construction for a client, fully customized to their wants and needs. A true Gem and stand out property in the New Kensington area of Philadelphia",https://static.wixstatic.com/media/dc69ab_9d11e663fedb4dae92ed171c77f8309d~mv2.jpg
1855 E Huntingdon,Full Build | Custom Bathrooms | Custom Kitchen | Custom Stairs |,"A ground-up construction for a client, fully customized to their wants and needs. A true Gem and stand out property in the New Kensington area of Philadelphia",https://static.wixstatic.com/media/dc69ab_008f8599a1ac4627b545633d4cf63bf4~mv2.jpg
3330-38 Salmon Street,Full Build | Custom Bathrooms | Custom Kitchen |,"Fully Designed and built by B2B2 Builders, these 5 homes stand tall and unique among the surrounding area in Philadelphia Port Richmond neighborhood. In a nod to the historic ports of the neighborhood the homes exterior bost a unique design. Every home has a custom and unique kitchen, and bathrooms, as well as flooring to serve each home buyer.",https://static.wixstatic.com/media/dc69ab_d289858275cc4544a6beae9f3391d807~mv2.jpg
3330-38 Salmon Street,Full Build | Custom Bathrooms | Custom Kitchen |,"Fully Designed and built by B2B2 Builders, these 5 homes stand tall and unique among the surrounding area in Philadelphia Port Richmond neighborhood. In a nod to the historic ports of the neighborhood the homes exterior bost a unique design. Every home has a custom and unique kitchen, and bathrooms, as well as flooring to serve each home buyer.",https://static.wixstatic.com/media/dc69ab_76efc24b32bc4d3699d32753a1b352b3~mv2.jpg
3330-38 Salmon Street,Full Build | Custom Bathrooms | Custom Kitchen |,"Fully Designed and built by B2B2 Builders, these 5 homes stand tall and unique among the surrounding area in Philadelphia Port Richmond neighborhood. In a nod to the historic ports of the neighborhood the homes exterior bost a unique design. Every home has a custom and unique kitchen, and bathrooms, as well as flooring to serve each home buyer.",https://static.wixstatic.com/media/dc69ab_0cc5f67d255144ceb17b3d6d06ecb063~mv2.jpg
3330-38 Salmon Street,Full Build | Custom Bathrooms | Custom Kitchen |,"Fully Designed and built by B2B2 Builders, these 5 homes stand tall and unique among the surrounding area in Philadelphia Port Richmond neighborhood. In a nod to the historic ports of the neighborhood the homes exterior bost a unique design. Every home has a custom and unique kitchen, and bathrooms, as well as flooring to serve each home buyer.",https://static.wixstatic.com/media/dc69ab_77681447484945e4827d89521eaeff7d~mv2.jpg
3330-38 Salmon Street,Full Build | Custom Bathrooms | Custom Kitchen |,"Fully Designed and built by B2B2 Builders, these 5 homes stand tall and unique among the surrounding area in Philadelphia Port Richmond neighborhood. In a nod to the historic ports of the neighborhood the homes exterior bost a unique design. Every home has a custom and unique kitchen, and bathrooms, as well as flooring to serve each home buyer.",https://static.wixstatic.com/media/dc69ab_2bf6432ff2b043eba179ea774038920d~mv2.jpg
3330-38 Salmon Street,Full Build | Custom Bathrooms | Custom Kitchen |,"Fully Designed and built by B2B2 Builders, these 5 homes stand tall and unique among the surrounding area in Philadelphia Port Richmond neighborhood. In a nod to the historic ports of the neighborhood the homes exterior bost a unique design. Every home has a custom and unique kitchen, and bathrooms, as well as flooring to serve each home buyer.",https://static.wixstatic.com/media/dc69ab_edfe84f2a3274c0aa83b961d4cafeb94~mv2.png
3330-38 Salmon Street,Full Build | Custom Bathrooms | Custom Kitchen |,"Fully Designed and built by B2B2 Builders, these 5 homes stand tall and unique among the surrounding area in Philadelphia Port Richmond neighborhood. In a nod to the historic ports of the neighborhood the homes exterior bost a unique design. Every home has a custom and unique kitchen, and bathrooms, as well as flooring to serve each home buyer.",https://static.wixstatic.com/media/dc69ab_9f77925a25674e119619316042143f7c~mv2.jpg
3330-38 Salmon Street,Full Build | Custom Bathrooms | Custom Kitchen |,"Fully Designed and built by B2B2 Builders, these 5 homes stand tall and unique among the surrounding area in Philadelphia Port Richmond neighborhood. In a nod to the historic ports of the neighborhood the homes exterior bost a unique design. Every home has a custom and unique kitchen, and bathrooms, as well as flooring to serve each home buyer.",https://static.wixstatic.com/media/dc69ab_087e06276d2c4cad8ee6c549f82d847b~mv2.jpg
3330-38 Salmon Street,Full Build | Custom Bathrooms | Custom Kitchen |,"Fully Designed and built by B2B2 Builders, these 5 homes stand tall and unique among the surrounding area in Philadelphia Port Richmond neighborhood. In a nod to the historic ports of the neighborhood the homes exterior bost a unique design. Every home has a custom and unique kitchen, and bathrooms, as well as flooring to serve each home buyer.",https://static.wixstatic.com/media/dc69ab_8cbe01d515744a96b5f90dd0a91f2455~mv2.png
3330-38 Salmon Street,Full Build | Custom Bathrooms | Custom Kitchen |,"Fully Designed and built by B2B2 Builders, these 5 homes stand tall and unique among the surrounding area in Philadelphia Port Richmond neighborhood. In a nod to the historic ports of the neighborhood the homes exterior bost a unique design. Every home has a custom and unique kitchen, and bathrooms, as well as flooring to serve each home buyer.",https://static.wixstatic.com/media/dc69ab_31048097878349c49a69bf2a34dd4449~mv2.png
3330-38 Salmon Street,Full Build | Custom Bathrooms | Custom Kitchen |,"Fully Designed and built by B2B2 Builders, these 5 homes stand tall and unique among the surrounding area in Philadelphia Port Richmond neighborhood. In a nod to the historic ports of the neighborhood the homes exterior bost a unique design. Every home has a custom and unique kitchen, and bathrooms, as well as flooring to serve each home buyer.",https://static.wixstatic.com/media/dc69ab_ea4362775abd4f89b7fa30c994d122d3~mv2.png
3330-38 Salmon Street,Full Build | Custom Bathrooms | Custom Kitchen |,"Fully Designed and built by B2B2 Builders, these 5 homes stand tall and unique among the surrounding area in Philadelphia Port Richmond neighborhood. In a nod to the historic ports of the neighborhood the homes exterior bost a unique design. Every home has a custom and unique kitchen, and bathrooms, as well as flooring to serve each home buyer.",https://static.wixstatic.com/media/dc69ab_18e8a467121748078921bfc7cbed1782~mv2.png
3330-38 Salmon Street,Full Build | Custom Bathrooms | Custom Kitchen |,"Fully Designed and built by B2B2 Builders, these 5 homes stand tall and unique among the surrounding area in Philadelphia Port Richmond neighborhood. In a nod to the historic ports of the neighborhood the homes exterior bost a unique design. Every home has a custom and unique kitchen, and bathrooms, as well as flooring to serve each home buyer.",https://static.wixstatic.com/media/dc69ab_b814213f4c9b43a3944d468cc5475307~mv2.png
3330-38 Salmon Street,Full Build | Custom Bathrooms | Custom Kitchen |,"Fully Designed and built by B2B2 Builders, these 5 homes stand tall and unique among the surrounding area in Philadelphia Port Richmond neighborhood. In a nod to the historic ports of the neighborhood the homes exterior bost a unique design. Every home has a custom and unique kitchen, and bathrooms, as well as flooring to serve each home buyer.",https://static.wixstatic.com/media/dc69ab_eac8a5acc5be45288da71b4fde542237~mv2.png
3330-38 Salmon Street,Full Build | Custom Bathrooms | Custom Kitchen |,"Fully Designed and built by B2B2 Builders, these 5 homes stand tall and unique among the surrounding area in Philadelphia Port Richmond neighborhood. In a nod to the historic ports of the neighborhood the homes exterior bost a unique design. Every home has a custom and unique kitchen, and bathrooms, as well as flooring to serve each home buyer.",https://static.wixstatic.com/media/dc69ab_e1086f56012f4c239dca1e18acfa3cb0~mv2.png
3330-38 Salmon Street,Full Build | Custom Bathrooms | Custom Kitchen |,"Fully Designed and built by B2B2 Builders, these 5 homes stand tall and unique among the surrounding area in Philadelphia Port Richmond neighborhood. In a nod to the historic ports of the neighborhood the homes exterior bost a unique design. Every home has a custom and unique kitchen, and bathrooms, as well as flooring to serve each home buyer.",https://static.wixstatic.com/media/dc69ab_34de9d8b4b9d4670acb4daf264ce38ea~mv2.png
3330-38 Salmon Street,Full Build | Custom Bathrooms | Custom Kitchen |,"Fully Designed and built by B2B2 Builders, these 5 homes stand tall and unique among the surrounding area in Philadelphia Port Richmond neighborhood. In a nod to the historic ports of the neighborhood the homes exterior bost a unique design. Every home has a custom and unique kitchen, and bathrooms, as well as flooring to serve each home buyer.",https://static.wixstatic.com/media/dc69ab_701f59dd620343c9ba4e3fc69df0da9f~mv2.jpg
3330-38 Salmon Street,Full Build | Custom Bathrooms | Custom Kitchen |,"Fully Designed and built by B2B2 Builders, these 5 homes stand tall and unique among the surrounding area in Philadelphia Port Richmond neighborhood. In a nod to the historic ports of the neighborhood the homes exterior bost a unique design. Every home has a custom and unique kitchen, and bathrooms, as well as flooring to serve each home buyer.",https://static.wixstatic.com/media/dc69ab_71c2355ef9894950a26a51fdf3aa8d6f~mv2.png
3330-38 Salmon Street,Full Build | Custom Bathrooms | Custom Kitchen |,"Fully Designed and built by B2B2 Builders, these 5 homes stand tall and unique among the surrounding area in Philadelphia Port Richmond neighborhood. In a nod to the historic ports of the neighborhood the homes exterior bost a unique design. Every home has a custom and unique kitchen, and bathrooms, as well as flooring to serve each home buyer.",https://static.wixstatic.com/media/dc69ab_69292ce2c1b94a079904945d009d54b4~mv2.jpg
3330-38 Salmon Street,Full Build | Custom Bathrooms | Custom Kitchen |,"Fully Designed and built by B2B2 Builders, these 5 homes stand tall and unique among the surrounding area in Philadelphia Port Richmond neighborhood. In a nod to the historic ports of the neighborhood the homes exterior bost a unique design. Every home has a custom and unique kitchen, and bathrooms, as well as flooring to serve each home buyer.",https://static.wixstatic.com/media/dc69ab_37241dce6e2b47e9b4237c7ac0f4f743~mv2.jpg
3330-38 Salmon Street,Full Build | Custom Bathrooms | Custom Kitchen |,"Fully Designed and built by B2B2 Builders, these 5 homes stand tall and unique among the surrounding area in Philadelphia Port Richmond neighborhood. In a nod to the historic ports of the neighborhood the homes exterior bost a unique design. Every home has a custom and unique kitchen, and bathrooms, as well as flooring to serve each home buyer.",https://static.wixstatic.com/media/dc69ab_59af0e8129a04c1ca0435b8f96289bda~mv2.jpg
3330-38 Salmon Street,Full Build | Custom Bathrooms | Custom Kitchen |,"Fully Designed and built by B2B2 Builders, these 5 homes stand tall and unique among the surrounding area in Philadelphia Port Richmond neighborhood. In a nod to the historic ports of the neighborhood the homes exterior bost a unique design. Every home has a custom and unique kitchen, and bathrooms, as well as flooring to serve each home buyer.",https://static.wixstatic.com/media/dc69ab_b59c419ee9d348b4b3a97efb435540ca~mv2.jpg
3330-38 Salmon Street,Full Build | Custom Bathrooms | Custom Kitchen |,"Fully Designed and built by B2B2 Builders, these 5 homes stand tall and unique among the surrounding area in Philadelphia Port Richmond neighborhood. In a nod to the historic ports of the neighborhood the homes exterior bost a unique design. Every home has a custom and unique kitchen, and bathrooms, as well as flooring to serve each home buyer.",https://static.wixstatic.com/media/dc69ab_41d16fff96044394827f541ced661ff7~mv2.jpg
3330-38 Salmon Street,Full Build | Custom Bathrooms | Custom Kitchen |,"Fully Designed and built by B2B2 Builders, these 5 homes stand tall and unique among the surrounding area in Philadelphia Port Richmond neighborhood. In a nod to the historic ports of the neighborhood the homes exterior bost a unique design. Every home has a custom and unique kitchen, and bathrooms, as well as flooring to serve each home buyer.",https://static.wixstatic.com/media/dc69ab_aa931816f1f146e3a326191398e0f273~mv2.jpg
3330-38 Salmon Street,Full Build | Custom Bathrooms | Custom Kitchen |,"Fully Designed and built by B2B2 Builders, these 5 homes stand tall and unique among the surrounding area in Philadelphia Port Richmond neighborhood. In a nod to the historic ports of the neighborhood the homes exterior bost a unique design. Every home has a custom and unique kitchen, and bathrooms, as well as flooring to serve each home buyer.",https://static.wixstatic.com/media/dc69ab_50a46a71e29645b2a99304776bacce9b~mv2.jpg
766 S Front st,Property Rehab | Custom Kitchen |,A beautiful client rehab with 2nd floor extension/ Ad-on constructed. Fully renovated interior to the clients taste and choice.,https://static.wixstatic.com/media/dc69ab_584fb1338625441989e9ff04275078f2~mv2.jpg
766 S Front st,Property Rehab | Custom Kitchen |,A beautiful client rehab with 2nd floor extension/ Ad-on constructed. Fully renovated interior to the clients taste and choice.,https://static.wixstatic.com/media/dc69ab_218158792e044569acd4170c03cd017df000.jpg
766 S Front st,Property Rehab | Custom Kitchen |,A beautiful client rehab with 2nd floor extension/ Ad-on constructed. Fully renovated interior to the clients taste and choice.,https://static.wixstatic.com/media/dc69ab_abdac911ac5a4dddb07b14825896f540~mv2.jpg
766 S Front st,Property Rehab | Custom Kitchen |,A beautiful client rehab with 2nd floor extension/ Ad-on constructed. Fully renovated interior to the clients taste and choice.,https://static.wixstatic.com/media/dc69ab_d23f00c228b440e990dcc8fc045d2fe9~mv2.jpg
766 S Front st,Property Rehab | Custom Kitchen |,A beautiful client rehab with 2nd floor extension/ Ad-on constructed. Fully renovated interior to the clients taste and choice.,https://static.wixstatic.com/media/dc69ab_3f77e04ff7ac411389ee560b4131945b~mv2.jpg
766 S Front st,Property Rehab | Custom Kitchen |,A beautiful client rehab with 2nd floor extension/ Ad-on constructed. Fully renovated interior to the clients taste and choice.,https://static.wixstatic.com/media/dc69ab_589116826e3c485fae087382a5b7f5fa~mv2.jpg
766 S Front st,Property Rehab | Custom Kitchen |,A beautiful client rehab with 2nd floor extension/ Ad-on constructed. Fully renovated interior to the clients taste and choice.,https://static.wixstatic.com/media/dc69ab_5253ca5de88548bbad76aef455bd9692~mv2.jpg
766 S Front st,Property Rehab | Custom Kitchen |,A beautiful client rehab with 2nd floor extension/ Ad-on constructed. Fully renovated interior to the clients taste and choice.,https://static.wixstatic.com/media/dc69ab_6ee44f56ee0441928179e580f94a251f~mv2.jpg
766 S Front st,Property Rehab | Custom Kitchen |,A beautiful client rehab with 2nd floor extension/ Ad-on constructed. Fully renovated interior to the clients taste and choice.,https://static.wixstatic.com/media/dc69ab_612b24a376a44e90ba3bfb42be6682ba~mv2.jpg
766 S Front st,Property Rehab | Custom Kitchen |,A beautiful client rehab with 2nd floor extension/ Ad-on constructed. Fully renovated interior to the clients taste and choice.,https://static.wixstatic.com/media/dc69ab_871cc8c7ed1b4668b4a1641c661db400~mv2.jpg
766 S Front st,Property Rehab | Custom Kitchen |,A beautiful client rehab with 2nd floor extension/ Ad-on constructed. Fully renovated interior to the clients taste and choice.,https://static.wixstatic.com/media/dc69ab_d9bd18dce81342d190ba9f9f8a4a6397~mv2.jpg
766 S Front st,Property Rehab | Custom Kitchen |,A beautiful client rehab with 2nd floor extension/ Ad-on constructed. Fully renovated interior to the clients taste and choice.,https://static.wixstatic.com/media/dc69ab_c31310ff4cfe407f8e3f714fae90f257~mv2.jpg
766 S Front st,Property Rehab | Custom Kitchen |,A beautiful client rehab with 2nd floor extension/ Ad-on constructed. Fully renovated interior to the clients taste and choice.,https://static.wixstatic.com/media/dc69ab_61c6bcd72bfa44d39ad90c800ca5bd0d~mv2.jpg
1502 Hancock Street,Full Build | Custom Bathrooms | Custom Kitchen | Custom Stairs |,A Large projects constructed and built in the northern liberty area of philadelphia.,https://static.wixstatic.com/media/dc69ab_e84e9c093ada4984a8384c1e2abda728~mv2.png
1502 Hancock Street,Full Build | Custom Bathrooms | Custom Kitchen | Custom Stairs |,A Large projects constructed and built in the northern liberty area of philadelphia.,https://static.wixstatic.com/media/dc69ab_58a09638df8844398aef21b5015379da~mv2.png
1502 Hancock Street,Full Build | Custom Bathrooms | Custom Kitchen | Custom Stairs |,A Large projects constructed and built in the northern liberty area of philadelphia.,https://static.wixstatic.com/media/dc69ab_3ff41089664044d0b53d9e33a20258b8~mv2.png
1502 Hancock Street,Full Build | Custom Bathrooms | Custom Kitchen | Custom Stairs |,A Large projects constructed and built in the northern liberty area of philadelphia.,https://static.wixstatic.com/media/dc69ab_5dc3f24376c34e6e8dd8e05c64067ba0~mv2.png
1502 Hancock Street,Full Build | Custom Bathrooms | Custom Kitchen | Custom Stairs |,A Large projects constructed and built in the northern liberty area of philadelphia.,https://static.wixstatic.com/media/dc69ab_ec087464d4484185a999c2a8e33e4bc6~mv2.png
1502 Hancock Street,Full Build | Custom Bathrooms | Custom Kitchen | Custom Stairs |,A Large projects constructed and built in the northern liberty area of philadelphia.,https://static.wixstatic.com/media/dc69ab_6f7dfbb072f945af9da7ce7827535452~mv2.png
1502 Hancock Street,Full Build | Custom Bathrooms | Custom Kitchen | Custom Stairs |,A Large projects constructed and built in the northern liberty area of philadelphia.,https://static.wixstatic.com/media/dc69ab_e74a63f2dd9840cda488bc6dbdd96786~mv2.png
1502 Hancock Street,Full Build | Custom Bathrooms | Custom Kitchen | Custom Stairs |,A Large projects constructed and built in the northern liberty area of philadelphia.,https://static.wixstatic.com/media/dc69ab_602d411d7b4c4b8cb1a2966014cab539~mv2.png
1502 Hancock Street,Full Build | Custom Bathrooms | Custom Kitchen | Custom Stairs |,A Large projects constructed and built in the northern liberty area of philadelphia.,https://static.wixstatic.com/media/dc69ab_4700d96463914c44a1912149f4924ad3~mv2.png